{"hidden_units": 128, "learning_rate": 0.001, "mae": 381.50131772945304, "mse": 618003.9421565813}