{"lambda": 0.7194155715230742, "alpha": 0.0036554880490075937, "colsample_bytree": 0.3, "subsample": 0.7, "learning_rate": 2.6468541193606258e-05, "n_estimators": 133, "max_depth": 3, "min_child_weight": 6, "mae": 4.5, "mse": 20.25}