{"hidden_units": 128, "learning_rate": 0.001, "mae": 350.24276757861423, "mse": 563375.2630385818}